domain,name
adres.ae,adres.ae
althesys.com,althesys.com
alvarezandmarsal.com,alvarezandmarsal.com
athena.eu,athena.eu
bettercotton.org,bettercotton.org
cerealdocks.it,cerealdocks.it
cgglobal.com,cgglobal.com
concept-consulting.ro,concept-consulting.ro
coromandel.com,coromandel.com
dncs.be,dncs.be
dslflooring.com,dslflooring.com
energyworks.com,energyworks.com
fastretailing.com,fastretailing.com
foodconceptsplc.com,foodconceptsplc.com
global.tdk.com,global.tdk.com
grupoagc.com.mx,grupoagc.com.mx
gulfgroup.kw,gulfgroup.kw
icemksa.net,icemksa.net
injaz-consulting.com,injaz-consulting.com
jadwa.com,jadwa.com
jindalstainless.com,jindalstainless.com
kecrpg.com,kecrpg.com
kpmg.co.id,kpmg.co.id
lodhacaps.com,lodhacaps.com
m-chem.com,m-chem.com
mainlanddairy.com,mainlanddairy.com
ofisus.com,ofisus.com
pjh.com.my,pjh.com.my
premjiinvest.com,premjiinvest.com
rainhead.global,rainhead.global
saicfinance.com,saicfinance.com
smurfitwesterock.com,smurfitwesterock.com
srg.net,srg.net
toyotsu.com.sg,toyotsu.com.sg
tuvsud.com,tuvsud.com
upi-agro.com.ua,upi-agro.com.ua
utmach.edu.ec,utmach.edu.ec
vetropack.com,vetropack.com
vinfast.vn,vinfast.vn
voltuswave.com,voltuswave.com
